{"cameraMode":{"drawMode":0,"name":"Shaded","section":"Shading Mode"},"sceneLighting":true,"audioPlay":false,"sceneViewState":{"m_AlwaysRefresh":false,"showFog":true,"showSkybox":true,"showFlares":true,"showImageEffects":true,"showParticleSystems":true,"showVisualEffectGraphs":true,"m_FxEnabled":true},"in2DMode":false,"pivot":{"x":0.019999980926513673,"y":1.2999999523162842,"z":0.10499999672174454},"rotation":{"x":-0.16603858768939973,"y":-0.0008909536409191787,"z":0.0001489917340222746,"w":-0.9861247539520264},"size":4.280324935913086,"orthographic":true}